{"cameraMode":{"drawMode":0,"name":"Shaded","section":"Shading Mode"},"sceneLighting":true,"audioPlay":false,"sceneViewState":{"m_AlwaysRefresh":false,"showFog":true,"showSkybox":true,"showFlares":true,"showImageEffects":true,"showParticleSystems":true,"showVisualEffectGraphs":true,"m_FxEnabled":true},"in2DMode":false,"pivot":{"x":7.901834487915039,"y":6.992227554321289,"z":8.906506538391114},"rotation":{"x":-0.04376151040196419,"y":0.039549652487039569,"z":-0.00173247791826725,"w":-0.9982630610466003},"size":1.5203266143798829,"orthographic":false}